participant_id,condition,mode,language,set,created_at,completed_at,age,gender,education,robot_experience,instructions_time_sec,rules_time_sec,train_duration_sec,test_duration_sec,train_sel_total,train_dest_total,train_total,train_max,train_rule_consult,train_rule_time_sec,train_g1_selection_score,train_g1_selection_time_sec,train_g1_selection_rule_consult,train_g1_selection_rule_time_sec,train_g1_selection_correction_time_sec,train_g1_selection_correction_rule_time_sec,train_g1_kendall_tau,train_g1_phase_score,train_g1_tier_ordering_score,train_g1_within_tier_score,train_g1_destinations_score,train_g1_destinations_time_sec,train_g1_destinations_rule_consult,train_g1_destinations_rule_time_sec,train_g1_destinations_correction_time_sec,train_g1_destinations_correction_rule_time_sec,train_g2_selection_score,train_g2_selection_time_sec,train_g2_selection_rule_consult,train_g2_selection_rule_time_sec,train_g2_selection_correction_time_sec,train_g2_selection_correction_rule_time_sec,train_g2_kendall_tau,train_g2_phase_score,train_g2_tier_ordering_score,train_g2_within_tier_score,train_g2_destinations_score,train_g2_destinations_time_sec,train_g2_destinations_rule_consult,train_g2_destinations_rule_time_sec,train_g2_destinations_correction_time_sec,train_g2_destinations_correction_rule_time_sec,train_g3_selection_score,train_g3_selection_time_sec,train_g3_selection_rule_consult,train_g3_selection_rule_time_sec,train_g3_selection_correction_time_sec,train_g3_selection_correction_rule_time_sec,train_g3_kendall_tau,train_g3_phase_score,train_g3_tier_ordering_score,train_g3_within_tier_score,train_g3_destinations_score,train_g3_destinations_time_sec,train_g3_destinations_rule_consult,train_g3_destinations_rule_time_sec,train_g3_destinations_correction_time_sec,train_g3_destinations_correction_rule_time_sec,test_sel_total,test_dest_total,test_total,test_max,test_rule_consult,test_rule_time_sec,test_g1_selection_score,test_g1_selection_time_sec,test_g1_selection_rule_consult,test_g1_selection_rule_time_sec,test_g1_selection_correction_time_sec,test_g1_selection_correction_rule_time_sec,test_g1_kendall_tau,test_g1_phase_score,test_g1_tier_ordering_score,test_g1_within_tier_score,test_g1_destinations_score,test_g1_destinations_time_sec,test_g1_destinations_rule_consult,test_g1_destinations_rule_time_sec,test_g1_destinations_correction_time_sec,test_g1_destinations_correction_rule_time_sec,test_g2_selection_score,test_g2_selection_time_sec,test_g2_selection_rule_consult,test_g2_selection_rule_time_sec,test_g2_selection_correction_time_sec,test_g2_selection_correction_rule_time_sec,test_g2_kendall_tau,test_g2_phase_score,test_g2_tier_ordering_score,test_g2_within_tier_score,test_g2_destinations_score,test_g2_destinations_time_sec,test_g2_destinations_rule_consult,test_g2_destinations_rule_time_sec,test_g2_destinations_correction_time_sec,test_g2_destinations_correction_rule_time_sec,test_g3_selection_score,test_g3_selection_time_sec,test_g3_selection_rule_consult,test_g3_selection_rule_time_sec,test_g3_selection_correction_time_sec,test_g3_selection_correction_rule_time_sec,test_g3_kendall_tau,test_g3_phase_score,test_g3_tier_ordering_score,test_g3_within_tier_score,test_g3_destinations_score,test_g3_destinations_time_sec,test_g3_destinations_rule_consult,test_g3_destinations_rule_time_sec,test_g3_destinations_correction_time_sec,test_g3_destinations_correction_rule_time_sec,nasa_mental,nasa_physical,nasa_temporal,nasa_performance,nasa_effort,nasa_frustration,nasa_mean,ues_presentation_order,ues_FA1,ues_FA2,ues_FA3,ues_PU1,ues_PU2,ues_PU3,ues_AE1,ues_AE2,ues_AE3,ues_RW1,ues_RW2,ues_RW3,ues_FA_mean,ues_PU_mean,ues_AE_mean,ues_RW_mean,ues_total_mean,q_q1,q_q2,q_q3,q_q4,q_q5,q_q6
P040,web,guided,es,A,2026-05-13T22:00:47.755568+00:00,2026-05-13T22:08:24.164372+00:00,34,prefer_not,bachelor,couple,2,2,179,259,15,15,30,30,0,0.0,5,27,0,0.0,,0,1.0,9,4,5,5,108,0,0.0,,0,5,24,0,0.0,,0,1.0,9,4,5,5,40,0,0.0,,0,5,11,0,0.0,,0,1.0,9,4,5,5,25,0,0.0,,0,1,2,3,30,2,3.7,0,150,1,1.9,,0,0.6,4,2,2,1,33,1,1.9,7.4,1.7,1,9,0,0.0,,0,0.7,3,2,1,1,12,0,0.0,13.2,0.0,0,11,0,0.0,,0,0.7,3,0,3,0,21,0,0.0,1.6,0.0,50,50,50,50,50,50,50.0,"PU2,FA2,RW1,FA1,AE1,PU3,FA3,AE3,PU1,RW2,RW3,AE2",4,2,3,4,2,3,4,3,3,4,4,3,3.0,3.0,3.333,3.667,3.25,4,4,4,selection,4,4
P039,web,guided,es,A,2026-05-13T22:00:26.613546+00:00,,,,,,3,3,,,0,0,0,0,0,0.0,,,,,,,,,,,,,,,,,,,,,,,,,,,,,,,,,,,,,,,,,,,,,,,,,0,0,0,0,0,0.0,,,,,,,,,,,,,,,,,,,,,,,,,,,,,,,,,,,,,,,,,,,,,,,,,,,,,,,,,,,,,,,,,,,,,,,,,,,,,,,
P038,web,guided,es,A,2026-05-13T22:00:13.413625+00:00,,,,,,,,,,0,0,0,0,0,0.0,,,,,,,,,,,,,,,,,,,,,,,,,,,,,,,,,,,,,,,,,,,,,,,,,0,0,0,0,0,0.0,,,,,,,,,,,,,,,,,,,,,,,,,,,,,,,,,,,,,,,,,,,,,,,,,,,,,,,,,,,,,,,,,,,,,,,,,,,,,,,
P037,web,error_based,es,A,2026-05-13T21:37:48.583780+00:00,,78,non_binary,no_response,never,3,5,,,0,0,0,0,0,0.0,,,,,,,,,,,,,,,,,,,,,,,,,,,,,,,,,,,,,,,,,,,,,,,,,0,0,0,0,0,0.0,,,,,,,,,,,,,,,,,,,,,,,,,,,,,,,,,,,,,,,,,,,,,,,,,,,,,,,,,,,,,,,,,,,,,,,,,,,,,,,
P036,web,error_based,en,A,2026-05-13T21:36:52.526280+00:00,,33,female,middle_school,never,2,5,,,0,0,0,0,0,0.0,,,,,,,,,,,,,,,,,,,,,,,,,,,,,,,,,,,,,,,,,,,,,,,,,0,0,0,0,0,0.0,,,,,,,,,,,,,,,,,,,,,,,,,,,,,,,,,,,,,,,,,,,,,,,,,,,,,,,,,,,,,,,,,,,,,,,,,,,,,,,
P035,web,error_based,es,A,2026-05-13T21:35:47.993784+00:00,,,,,,2,3,,,0,0,0,0,0,0.0,,,,,,,,,,,,,,,,,,,,,,,,,,,,,,,,,,,,,,,,,,,,,,,,,0,0,0,0,0,0.0,,,,,,,,,,,,,,,,,,,,,,,,,,,,,,,,,,,,,,,,,,,,,,,,,,,,,,,,,,,,,,,,,,,,,,,,,,,,,,,
P034,web,error_based,es,A,2026-05-13T21:13:13.454495+00:00,2026-05-13T21:24:27.590716+00:00,22,male,bachelor,couple,2,2,130,41,3,3,6,30,3,11.5,2,26,1,5.2,,0,0.6,5,2,3,1,30,1,5.2,2.6,0.0,1,13,0,0.0,,0,0.8,5,4,1,1,33,1,1.1,2,0.0,0,8,0,0.0,,0,0.7,3,0,3,1,13,0,0.0,2.5,0.0,8,7,15,30,0,0.0,3,59,0,0.0,,0,0.9,7,2,5,3,40,0,0.0,6.6,0.0,0,11,0,0.0,,0,0.7,4,4,0,4,15,0,0.0,1.7,0.0,5,17,0,0.0,,0,1.0,9,4,5,0,14,0,0.0,10.2,0.0,,,,,,,,"FA3,FA2,FA1,RW2,PU2,AE3,PU1,AE2,PU3,RW1,RW3,AE1",3,2,1,4,3,3,3,3,2,2,2,3,2.0,2.667,2.667,2.333,2.417,,,,,,
P033,web,guided,es,A,2026-05-13T20:47:53.264908+00:00,,33,non_binary,vocational,never,2,2,,,0,0,0,0,0,0.0,,,,,,,,,,,,,,,,,,,,,,,,,,,,,,,,,,,,,,,,,,,,,,,,,0,0,0,0,0,0.0,,,,,,,,,,,,,,,,,,,,,,,,,,,,,,,,,,,,,,,,,,,,,,,,,,,,,,,,,,,,,,,,,,,,,,,,,,,,,,,
P032,web,error_based,en,A,2026-05-13T20:46:44.510568+00:00,,22,female,high_school,never,2,2,,,0,0,0,0,0,0.0,,,,,,,,,,,,,,,,,,,,,,,,,,,,,,,,,,,,,,,,,,,,,,,,,0,0,0,0,0,0.0,,,,,,,,,,,,,,,,,,,,,,,,,,,,,,,,,,,,,,,,,,,,,,,,,,,,,,,,,,,,,,,,,,,,,,,,,,,,,,,
P031,web,guided,en,A,2026-05-13T20:40:56.131680+00:00,,55,female,middle_school,multiple,2,253,,,0,0,0,0,0,0.0,,,,,,,,,,,,,,,,,,,,,,,,,,,,,,,,,,,,,,,,,,,,,,,,,0,0,0,0,0,0.0,,,,,,,,,,,,,,,,,,,,,,,,,,,,,,,,,,,,,,,,,,,,,,,,,,,,,,,,,,,,,,,,,,,,,,,,,,,,,,,
P030,web,error_based,en,A,2026-05-13T18:38:45.576184+00:00,,33,female,phd,couple,2,60,,,0,0,0,0,0,0.0,,,,,,,,,,,,,,,,,,,,,,,,,,,,,,,,,,,,,,,,,,,,,,,,,0,0,0,0,0,0.0,,,,,,,,,,,,,,,,,,,,,,,,,,,,,,,,,,,,,,,,,,,,,,,,,,,,,,,,,,,,,,,,,,,,,,,,,,,,,,,
P029,web,error_based,en,A,2026-05-13T18:32:37.991349+00:00,,,,,,94,68,,,0,0,0,0,0,0.0,,,,,,,,,,,,,,,,,,,,,,,,,,,,,,,,,,,,,,,,,,,,,,,,,0,0,0,0,0,0.0,,,,,,,,,,,,,,,,,,,,,,,,,,,,,,,,,,,,,,,,,,,,,,,,,,,,,,,,,,,,,,,,,,,,,,,,,,,,,,,
P028,web,error_based,en,A,2026-05-13T17:52:18.225732+00:00,2026-05-13T18:20:42.110235+00:00,54,non_binary,vocational,couple,10,50,505,1118,3,4,7,30,3,667.8,0,11,0,0.0,,0,0.5,5,2,3,0,30,0,0.0,0.9,0.0,0,7,0,0.0,,0,0.7,4,4,0,3,416,1,188.5,7.6,0.0,3,16,1,239.7,,0,0.9,7,4,3,1,15,1,239.7,1.2,0.0,7,4,11,30,3,197.9,1,80,0,0.0,,0,0.7,7,2,5,1,404,0,0.0,1.2,0.0,3,8,0,0.0,,0,0.7,7,4,3,2,422,1,91.6,1.7,0.0,3,188,1,53.1,,0,0.7,5,2,3,1,12,1,53.1,1.3,0.0,20,70,45,40,65,55,49.2,"AE2,AE3,PU2,RW2,PU3,FA2,AE1,FA3,RW3,FA1,RW1,PU1",3,2,3,3,2,3,2,1,1,2,3,3,2.667,3.333,1.333,2.667,2.5,2,2,3,selection,3,2
P027,web,error_based,es,A,2026-05-13T17:34:16.885387+00:00,,45,prefer_not,vocational,multiple,4,3,,,0,0,0,0,0,0.0,,,,,,,,,,,,,,,,,,,,,,,,,,,,,,,,,,,,,,,,,,,,,,,,,0,0,0,0,0,0.0,,,,,,,,,,,,,,,,,,,,,,,,,,,,,,,,,,,,,,,,,,,,,,,,,,,,,,,,,,,,,,,,,,,,,,,,,,,,,,,
P026,web,error_based,en,A,2026-05-11T23:19:11.108534,2026-05-11T23:25:36.220296,22,non_binary,high_school,couple,4,2,275,85,15,15,30,30,2,34.3,5,12,0,0.0,,0,1.0,9,4,5,5,184,2,34.3,,0,5,15,0,0.0,,0,1.0,9,4,5,5,49,0,0.0,,0,5,14,0,0.0,,0,1.0,9,4,5,5,37,0,0.0,,0,4,0,4,30,4,5.3,0,19,1,1.0,2.5,0.0,0.6,5,2,3,0,11,1,1.0,1.8,0.0,3,10,1,1.7,1.7,0.0,0.9,7,4,3,0,2,1,1.7,1,0.0,1,7,0,0.0,1.5,0.0,0.6,7,2,5,0,5,0,0.0,8.5,0.0,35,35,75,65,45,25,46.7,"RW3,FA1,FA2,PU2,RW1,FA3,AE3,AE1,AE2,PU3,RW2,PU1",2,3,4,2,5,2,3,4,4,5,3,3,3.0,3.0,3.667,3.667,3.333,2,2,3,processes,2,4
P025,web,error_based,es,A,2026-05-11T22:58:02.081526,,32,male,vocational,multiple,2,4,1212,,4,0,4,30,0,0.0,0,16,0,0.0,2,0.0,0.4,5,2,3,0,4,0,0.0,0.8,0.0,2,9,0,0.0,3.8,0.0,0.8,5,2,3,0,2,0,0.0,0.8,0.0,2,7,0,0.0,1.3,0.0,0.8,7,2,5,0,5,0,0.0,1.2,0.0,0,0,0,10,1,0.7,0,12,1,0.7,17.1,0.0,0.7,5,2,3,,,,,,,,,,,,,,,,,,,,,,,,,,,,,,,,,,,,,,,,,,,,,,,,,,,,,,,,,,,,,,,,,,,,,
P024,web,error_based,es,A,2026-05-11T22:52:58.477335,,34,male,high_school,multiple,2,5,,,0,0,0,0,0,0.0,,,,,,,,,,,,,,,,,,,,,,,,,,,,,,,,,,,,,,,,,,,,,,,,,0,0,0,0,0,0.0,,,,,,,,,,,,,,,,,,,,,,,,,,,,,,,,,,,,,,,,,,,,,,,,,,,,,,,,,,,,,,,,,,,,,,,,,,,,,,,
P023,web,error_based,es,A,2026-05-11T21:14:05.653286,,32,non_binary,vocational,couple,3,2,,,5,5,10,10,0,0.0,5,11,0,0.0,,0,1.0,9,4,5,5,52,0,0.0,,0,,,,,,,,,,,,,,,,,,,,,,,,,,,,,,,,,0,0,0,0,0,0.0,,,,,,,,,,,,,,,,,,,,,,,,,,,,,,,,,,,,,,,,,,,,,,,,,,,,,,,,,,,,,,,,,,,,,,,,,,,,,,,
P022,web,error_based,es,A,2026-05-11T21:06:15.637809,,32,male,vocational,multiple,5,3,145,,15,15,30,30,0,0.0,5,10,0,0.0,,0,1.0,9,4,5,5,47,0,0.0,,0,5,18,0,0.0,,0,1.0,9,4,5,5,53,0,0.0,,0,5,17,0,0.0,,0,1.0,9,4,5,5,41,0,0.0,,0,0,0,0,0,0,0.0,,,,,,,,,,,,,,,,,,,,,,,,,,,,,,,,,,,,,,,,,,,,,,,,,,,,,,,,,,,,,,,,,,,,,,,,,,,,,,,
P021,web,error_based,es,A,2026-05-11T20:53:30.201696,,20,male,high_school,daily,3,6,330,,15,15,30,30,2,8.1,5,88,1,4.1,,0,1.0,9,4,5,5,139,1,4.1,,0,5,102,0,0.0,,0,1.0,9,4,5,5,123,0,0.0,,0,5,43,0,0.0,,0,1.0,9,4,5,5,64,0,0.0,,0,1,0,1,10,0,0.0,1,12,0,0.0,3,0.0,0.8,5,2,3,,,,,,,,,,,,,,,,,,,,,,,,,,,,,,,,,,,,,,,,,,,,,,,,,,,,,,,,,,,,,,,,,,,,,
P020,web,error_based,en,A,2026-05-11T20:35:54.663098,,43,male,middle_school,daily,2,2,,,5,0,5,10,0,0.0,5,83,0,0.0,,0,1.0,9,4,5,,,,,,,,,,,,,,,,,,,,,,,,,,,,,,,,,,,,,,,0,0,0,0,0,0.0,,,,,,,,,,,,,,,,,,,,,,,,,,,,,,,,,,,,,,,,,,,,,,,,,,,,,,,,,,,,,,,,,,,,,,,,,,,,,,,
P019,web,error_based,es,A,2026-05-11T20:09:36.962553,,42,male,vocational,couple,7,41,564,,15,15,30,30,2,33.4,5,28,0,0.0,,0,1.0,9,4,5,5,378,0,0.0,,0,5,102,1,16.7,,0,1.0,9,4,5,5,129,1,16.7,,0,5,17,0,0.0,,0,1.0,9,4,5,5,53,0,0.0,,0,0,0,0,0,0,0.0,,,,,,,,,,,,,,,,,,,,,,,,,,,,,,,,,,,,,,,,,,,,,,,,,,,,,,,,,,,,,,,,,,,,,,,,,,,,,,,
P018,web,error_based,es,A,2026-05-10T20:52:29.813454,,33,female,master,daily,2,2,,,0,0,0,0,0,0.0,,,,,,,,,,,,,,,,,,,,,,,,,,,,,,,,,,,,,,,,,,,,,,,,,0,0,0,0,0,0.0,,,,,,,,,,,,,,,,,,,,,,,,,,,,,,,,,,,,,,,,,,,,,,,,,,,,,,,,,,,,,,,,,,,,,,,,,,,,,,,
P017,web,error_based,en,A,2026-05-10T20:52:09.767840,,,,,,2,2,,,0,0,0,0,0,0.0,,,,,,,,,,,,,,,,,,,,,,,,,,,,,,,,,,,,,,,,,,,,,,,,,0,0,0,0,0,0.0,,,,,,,,,,,,,,,,,,,,,,,,,,,,,,,,,,,,,,,,,,,,,,,,,,,,,,,,,,,,,,,,,,,,,,,,,,,,,,,
P016,web,error_based,en,A,2026-05-10T20:51:44.414998,,45,male,phd,couple,3,5,,,0,0,0,0,0,0.0,,,,,,,,,,,,,,,,,,,,,,,,,,,,,,,,,,,,,,,,,,,,,,,,,0,0,0,0,0,0.0,,,,,,,,,,,,,,,,,,,,,,,,,,,,,,,,,,,,,,,,,,,,,,,,,,,,,,,,,,,,,,,,,,,,,,,,,,,,,,,
P015,web,error_based,en,A,2026-05-10T20:41:50.168378,,45,male,bachelor,couple,2,3,,,0,0,0,0,0,0.0,,,,,,,,,,,,,,,,,,,,,,,,,,,,,,,,,,,,,,,,,,,,,,,,,0,0,0,0,0,0.0,,,,,,,,,,,,,,,,,,,,,,,,,,,,,,,,,,,,,,,,,,,,,,,,,,,,,,,,,,,,,,,,,,,,,,,,,,,,,,,
P014,web,error_based,en,A,2026-05-10T17:00:59.711683,,98,prefer_not,bachelor,daily,13233,2,,,0,0,0,0,0,0.0,,,,,,,,,,,,,,,,,,,,,,,,,,,,,,,,,,,,,,,,,,,,,,,,,0,0,0,0,0,0.0,,,,,,,,,,,,,,,,,,,,,,,,,,,,,,,,,,,,,,,,,,,,,,,,,,,,,,,,,,,,,,,,,,,,,,,,,,,,,,,
P013,web,error_based,es,A,2026-05-10T16:47:52.910731,,,,,,,,,,0,0,0,0,0,0.0,,,,,,,,,,,,,,,,,,,,,,,,,,,,,,,,,,,,,,,,,,,,,,,,,0,0,0,0,0,0.0,,,,,,,,,,,,,,,,,,,,,,,,,,,,,,,,,,,,,,,,,,,,,,,,,,,,,,,,,,,,,,,,,,,,,,,,,,,,,,,
P012,web,error_based,en,A,2026-05-10T16:47:41.893037,,,,,,,,,,0,0,0,0,0,0.0,,,,,,,,,,,,,,,,,,,,,,,,,,,,,,,,,,,,,,,,,,,,,,,,,0,0,0,0,0,0.0,,,,,,,,,,,,,,,,,,,,,,,,,,,,,,,,,,,,,,,,,,,,,,,,,,,,,,,,,,,,,,,,,,,,,,,,,,,,,,,
P011,web,error_based,es,A,2026-05-04T23:46:23.133913,,23,prefer_not,middle_school,daily,2,3,,,0,0,0,0,0,0.0,,,,,,,,,,,,,,,,,,,,,,,,,,,,,,,,,,,,,,,,,,,,,,,,,0,0,0,0,0,0.0,,,,,,,,,,,,,,,,,,,,,,,,,,,,,,,,,,,,,,,,,,,,,,,,,,,,,,,,,,,,,,,,,,,,,,,,,,,,,,,
P010,web,error_based,en,A,2026-05-04T23:35:24.871206,,33,male,vocational,daily,2,3,,,0,0,0,0,0,0.0,,,,,,,,,,,,,,,,,,,,,,,,,,,,,,,,,,,,,,,,,,,,,,,,,0,0,0,0,0,0.0,,,,,,,,,,,,,,,,,,,,,,,,,,,,,,,,,,,,,,,,,,,,,,,,,,,,,,,,,,,,,,,,,,,,,,,,,,,,,,,
P009,web,error_based,es,A,2026-05-04T22:22:24.971733,2026-05-04T22:28:16.709966,78,female,high_school,multiple,3,4,211,109,5,3,8,30,0,0.0,3,11,0,0.0,,0,0.9,7,4,3,0,13,0,0.0,,0,0,9,0,0.0,,0,0.7,4,4,0,1,13,0,0.0,,0,2,8,0,0.0,,0,0.8,7,2,5,2,20,0,0.0,,0,0,0,0,30,0,0.0,,,,,,,,,,,,,,,,,,,,,,,,,,,,,,,,,,,,,,,,,,,,,,,,,60,65,65,75,75,65,67.5,"RW3,PU1,AE3,PU2,FA2,FA3,RW2,AE1,PU3,AE2,RW1,FA1",3,3,3,2,3,4,3,2,2,2,2,1,3.0,3.0,2.333,1.667,2.5,3,1,3,destinations,2,1
P008,web,error_based,en,A,2026-05-04T21:32:47.783616,,22,female,middle_school,never,5,17,,,0,0,0,0,0,0.0,,,,,,,,,,,,,,,,,,,,,,,,,,,,,,,,,,,,,,,,,,,,,,,,,0,0,0,0,0,0.0,,,,,,,,,,,,,,,,,,,,,,,,,,,,,,,,,,,,,,,,,,,,,,,,,,,,,,,,,,,,,,,,,,,,,,,,,,,,,,,
P007,web,error_based,en,A,2026-05-04T00:25:54.770079,,,,,,,,,,0,0,0,0,0,0.0,,,,,,,,,,,,,,,,,,,,,,,,,,,,,,,,,,,,,,,,,,,,,,,,,0,0,0,0,0,0.0,,,,,,,,,,,,,,,,,,,,,,,,,,,,,,,,,,,,,,,,,,,,,,,,,,,,,,,,,,,,,,,,,,,,,,,,,,,,,,,
P006,web,error_based,en,A,2026-05-04T00:13:30.988117,,32,non_binary,middle_school,never,2,4,,,0,0,0,0,0,0.0,,,,,,,,,,,,,,,,,,,,,,,,,,,,,,,,,,,,,,,,,,,,,,,,,0,0,0,0,0,0.0,,,,,,,,,,,,,,,,,,,,,,,,,,,,,,,,,,,,,,,,,,,,,,,,,,,,,,,,,,,,,,,,,,,,,,,,,,,,,,,
P005,web,error_based,es,A,2026-05-03T23:59:52.322230,,67,prefer_not,high_school,multiple,3,14,,,0,0,0,0,0,0.0,,,,,,,,,,,,,,,,,,,,,,,,,,,,,,,,,,,,,,,,,,,,,,,,,0,0,0,0,0,0.0,,,,,,,,,,,,,,,,,,,,,,,,,,,,,,,,,,,,,,,,,,,,,,,,,,,,,,,,,,,,,,,,,,,,,,,,,,,,,,,
P004,web,error_based,es,A,2026-05-03T23:44:29.785174,,34,female,high_school,couple,2,23,,,0,0,0,0,0,0.0,,,,,,,,,,,,,,,,,,,,,,,,,,,,,,,,,,,,,,,,,,,,,,,,,0,0,0,0,0,0.0,,,,,,,,,,,,,,,,,,,,,,,,,,,,,,,,,,,,,,,,,,,,,,,,,,,,,,,,,,,,,,,,,,,,,,,,,,,,,,,
P003,web,error_based,es,A,2026-05-03T22:39:56.684767,,18,male,high_school,never,2,89,,,0,0,0,0,0,0.0,,,,,,,,,,,,,,,,,,,,,,,,,,,,,,,,,,,,,,,,,,,,,,,,,0,0,0,0,0,0.0,,,,,,,,,,,,,,,,,,,,,,,,,,,,,,,,,,,,,,,,,,,,,,,,,,,,,,,,,,,,,,,,,,,,,,,,,,,,,,,
P002,web,error_based,en,A,2026-05-03T22:36:32.297650,,44,non_binary,middle_school,never,3,6,,,0,0,0,0,0,0.0,,,,,,,,,,,,,,,,,,,,,,,,,,,,,,,,,,,,,,,,,,,,,,,,,0,0,0,0,0,0.0,,,,,,,,,,,,,,,,,,,,,,,,,,,,,,,,,,,,,,,,,,,,,,,,,,,,,,,,,,,,,,,,,,,,,,,,,,,,,,,
P001,web,error_based,en,A,2026-05-03T22:26:31.794985,,33,male,middle_school,couple,3,22,,,0,0,0,0,0,0.0,,,,,,,,,,,,,,,,,,,,,,,,,,,,,,,,,,,,,,,,,,,,,,,,,0,0,0,0,0,0.0,,,,,,,,,,,,,,,,,,,,,,,,,,,,,,,,,,,,,,,,,,,,,,,,,,,,,,,,,,,,,,,,,,,,,,,,,,,,,,,
